-1, 0.002, 1
-0.998, 0.0039984, 0.9992
-0.996, 0.0059936, 0.997601
-0.994, 0.00798401, 0.995203
-0.992, 0.00996803, 0.99201
-0.99, 0.0119441, 0.988022
-0.988, 0.0139106, 0.983245
-0.986, 0.0158659, 0.977681
-0.984, 0.0178086, 0.971334
-0.982, 0.019737, 0.964211
-0.98, 0.0216496, 0.956316
-0.978, 0.023545, 0.947656
-0.976, 0.0254214, 0.938238
-0.974, 0.0272776, 0.92807
-0.972, 0.0291119, 0.917158
-0.97, 0.0309229, 0.905514
-0.968, 0.0327092, 0.893145
-0.966, 0.0344693, 0.880061
-0.964, 0.0362019, 0.866273
-0.962, 0.0379055, 0.851792
-0.96, 0.0395787, 0.83663
-0.958, 0.0412203, 0.820799
-0.956, 0.0428289, 0.804311
-0.954, 0.0444033, 0.787179
-0.952, 0.0459421, 0.769418
-0.95, 0.0474442, 0.751041
-0.948, 0.0489083, 0.732063
-0.946, 0.0503333, 0.7125
-0.944, 0.0517181, 0.692367
-0.942, 0.0530614, 0.671679
-0.94, 0.0543623, 0.650455
-0.938, 0.0556198, 0.62871
-0.936, 0.0568327, 0.606462
-0.934, 0.0580001, 0.583729
-0.932, 0.0591212, 0.560529
-0.93, 0.060195, 0.53688
-0.928, 0.0612206, 0.512802
-0.926, 0.0621972, 0.488314
-0.924, 0.0631241, 0.463435
-0.922, 0.0640004, 0.438186
-0.92, 0.0648256, 0.412585
-0.918, 0.0655989, 0.386655
-0.916, 0.0663197, 0.360416
-0.914, 0.0669875, 0.333888
-0.912, 0.0676017, 0.307093
-0.91, 0.0681618, 0.280052
-0.908, 0.0686674, 0.252787
-0.906, 0.069118, 0.22532
-0.904, 0.0695134, 0.197673
-0.902, 0.0698531, 0.169868
-0.9, 0.070137, 0.141927
-0.898, 0.0703647, 0.113872
-0.896, 0.0705362, 0.0857258
-0.894, 0.0706512, 0.0575114
-0.892, 0.0707097, 0.0292509
-0.89, 0.0707116, 0.000967039
-0.888, 0.070657, -0.0273176
-0.886, 0.0705458, -0.0555804
-0.884, 0.0703782, -0.0837987
-0.882, 0.0701543, -0.11195
-0.88, 0.0698743, -0.140012
-0.878, 0.0695384, -0.167961
-0.876, 0.0691468, -0.195777
-0.874, 0.0686999, -0.223436
-0.872, 0.0681981, -0.250916
-0.87, 0.0676417, -0.278195
-0.868, 0.0670312, -0.305251
-0.866, 0.0663671, -0.332064
-0.864, 0.0656499, -0.358611
-0.862, 0.0648801, -0.384871
-0.86, 0.0640585, -0.410823
-0.858, 0.0631856, -0.436446
-0.856, 0.0622622, -0.46172
-0.854, 0.0612889, -0.486625
-0.852, 0.0602666, -0.511141
-0.85, 0.0591961, -0.535247
-0.848, 0.0580783, -0.558926
-0.846, 0.056914, -0.582157
-0.844, 0.0557041, -0.604923
-0.842, 0.0544497, -0.627204
-0.84, 0.0531517, -0.648984
-0.838, 0.0518112, -0.670245
-0.836, 0.0504293, -0.69097
-0.834, 0.049007, -0.711141
-0.832, 0.0475455, -0.730744
-0.83, 0.046046, -0.749762
-0.828, 0.0445097, -0.768181
-0.826, 0.0429377, -0.785985
-0.824, 0.0413314, -0.80316
-0.822, 0.039692, -0.819692
-0.82, 0.0380208, -0.835569
-0.818, 0.0363193, -0.850777
-0.816, 0.0345887, -0.865305
-0.814, 0.0328304, -0.87914
-0.812, 0.0310458, -0.892273
-0.81, 0.0292365, -0.904691
-0.808, 0.0274037, -0.916386
-0.806, 0.025549, -0.927347
-0.804, 0.0236739, -0.937567
-0.802, 0.0217798, -0.947036
-0.8, 0.0198683, -0.955748
-0.798, 0.0179409, -0.963695
-0.796, 0.0159992, -0.970872
-0.794, 0.0140446, -0.977271
-0.792, 0.0120788, -0.982889
-0.79, 0.0101034, -0.987721
-0.788, 0.00811988, -0.991762
-0.786, 0.00612986, -0.99501
-0.784, 0.00413493, -0.997462
-0.782, 0.0021367, -0.999116
-0.78, 0.00013676, -0.999971
-0.778, -0.00186329, -1.00003
-0.776, -0.00386185, -0.99928
-0.774, -0.00585732, -0.997735
-0.772, -0.00784811, -0.995392
-0.77, -0.00983261, -0.992253
-0.768, -0.0118093, -0.98832
-0.766, -0.0137764, -0.983597
-0.764, -0.0157326, -0.978086
-0.762, -0.0176762, -0.971793
-0.76, -0.0196056, -0.964722
-0.758, -0.0215194, -0.95688
-0.756, -0.023416, -0.948272
-0.754, -0.0252938, -0.938906
-0.752, -0.0271513, -0.928788
-0.75, -0.0289872, -0.917928
-0.748, -0.0307999, -0.906333
-0.746, -0.0325879, -0.894013
-0.744, -0.0343498, -0.880978
-0.742, -0.0360843, -0.867238
-0.74, -0.0377899, -0.852804
-0.738, -0.0394653, -0.837688
-0.736, -0.0411091, -0.821902
-0.734, -0.04272, -0.805459
-0.732, -0.0442968, -0.788371
-0.73, -0.0458381, -0.770652
-0.728, -0.0473427, -0.752317
-0.726, -0.0488095, -0.73338
-0.724, -0.0502372, -0.713856
-0.722, -0.0516247, -0.693761
-0.72, -0.0529709, -0.673111
-0.718, -0.0542748, -0.651923
-0.716, -0.0555352, -0.630213
-0.714, -0.0567512, -0.607999
-0.712, -0.0579218, -0.585298
-0.71, -0.059046, -0.562129
-0.708, -0.0601231, -0.538511
-0.706, -0.061152, -0.514462
-0.704, -0.062132, -0.490001
-0.702, -0.0630623, -0.465148
-0.7, -0.0639421, -0.439923
-0.698, -0.0647708, -0.414346
-0.696, -0.0655477, -0.388438
-0.694, -0.0662721, -0.362219
-0.692, -0.0669436, -0.33571
-0.69, -0.0675614, -0.308933
-0.688, -0.0681252, -0.281908
-0.686, -0.0686346, -0.254658
-0.684, -0.069089, -0.227204
-0.682, -0.0694881, -0.199569
-0.68, -0.0698317, -0.171773
-0.678, -0.0701193, -0.143841
-0.676, -0.0703509, -0.115793
-0.674, -0.0705262, -0.0876526
-0.672, -0.0706451, -0.0594421
-0.67, -0.0707075, -0.0311841
-0.668, -0.0707133, -0.00290111
-0.666, -0.0706625, 0.0253842
-0.664, -0.0705552, 0.0536492
-0.662, -0.0703915, 0.0818713
-0.66, -0.0701714, 0.110028
-0.658, -0.0698952, 0.138096
-0.656, -0.0695631, 0.166055
-0.654, -0.0691754, 0.19388
-0.652, -0.0687323, 0.22155
-0.65, -0.0682342, 0.249043
-0.648, -0.0676815, 0.276336
-0.646, -0.0670747, 0.303409
-0.644, -0.0664142, 0.330239
-0.642, -0.0657006, 0.356805
-0.64, -0.0649344, 0.383085
-0.638, -0.0641163, 0.409059
-0.636, -0.0632469, 0.434705
-0.634, -0.0623269, 0.460004
-0.632, -0.061357, 0.484935
-0.63, -0.0603381, 0.509477
-0.628, -0.0592708, 0.533613
-0.626, -0.0581562, 0.557321
-0.624, -0.056995, 0.580584
-0.622, -0.0557883, 0.603382
-0.62, -0.0545369, 0.625697
-0.618, -0.0532418, 0.647512
-0.616, -0.0519042, 0.668808
-0.614, -0.0505251, 0.68957
-0.612, -0.0491055, 0.70978
-0.61, -0.0476467, 0.729422
-0.608, -0.0461497, 0.748481
-0.606, -0.0446158, 0.766941
-0.604, -0.0430463, 0.784787
-0.602, -0.0414423, 0.802006
-0.6, -0.0398051, 0.818583
-0.598, -0.0381361, 0.834505
-0.596, -0.0364366, 0.849759
-0.594, -0.0347079, 0.864334
-0.592, -0.0329515, 0.878217
-0.59, -0.0311687, 0.891397
-0.588, -0.0293609, 0.903865
-0.586, -0.0275297, 0.915609
-0.584, -0.0256765, 0.926621
-0.582, -0.0238027, 0.936892
-0.58, -0.0219099, 0.946413
-0.578, -0.0199995, 0.955177
-0.576, -0.0180732, 0.963177
-0.574, -0.0161323, 0.970406
-0.572, -0.0141786, 0.976859
-0.57, -0.0122136, 0.98253
-0.568, -0.0102387, 0.987416
-0.566, -0.00825572, 0.991511
-0.564, -0.00626609, 0.994813
-0.562, -0.00427145, 0.99732
-0.56, -0.00227339, 0.999028
-0.558, -0.000273519, 0.999938
-0.556, 0.00172658, 1.00005
-0.554, 0.00372529, 0.999357
-0.552, 0.00572102, 0.997866
-0.55, 0.00771218, 0.995578
-0.548, 0.00969716, 0.992493
-0.546, 0.0116744, 0.988614
-0.544, 0.0136423, 0.983945
-0.542, 0.0155993, 0.978488
-0.54, 0.0175438, 0.972248
-0.538, 0.0194742, 0.96523
-0.536, 0.0213891, 0.957441
-0.534, 0.0232869, 0.948885
-0.532, 0.025166, 0.93957
-0.53, 0.027025, 0.929504
-0.528, 0.0288624, 0.918694
-0.526, 0.0306767, 0.907149
-0.524, 0.0324665, 0.894878
-0.522, 0.0342302, 0.881892
-0.52, 0.0359666, 0.8682
-0.518, 0.0376743, 0.853813
-0.516, 0.0393518, 0.838743
-0.514, 0.0409978, 0.823003
-0.512, 0.042611, 0.806603
-0.51, 0.0441901, 0.789559
-0.508, 0.0457338, 0.771883
-0.506, 0.047241, 0.75359
-0.504, 0.0487104, 0.734693
-0.502, 0.0501408, 0.715209
-0.5, 0.0515311, 0.695153
-0.498, 0.0528802, 0.67454
-0.496, 0.054187, 0.653388
-0.494, 0.0554504, 0.631713
-0.492, 0.0566695, 0.609533
-0.49, 0.0578432, 0.586865
-0.488, 0.0589707, 0.563728
-0.486, 0.060051, 0.54014
-0.484, 0.0610832, 0.516119
-0.482, 0.0620666, 0.491686
-0.48, 0.0630003, 0.466859
-0.478, 0.0638836, 0.441659
-0.476, 0.0647158, 0.416106
-0.474, 0.0654963, 0.39022
-0.472, 0.0662243, 0.364021
-0.47, 0.0668994, 0.337531
-0.468, 0.0675209, 0.310772
-0.466, 0.0680884, 0.283763
-0.464, 0.0686015, 0.256528
-0.462, 0.0690597, 0.229087
-0.46, 0.0694626, 0.201463
-0.458, 0.0698099, 0.173678
-0.456, 0.0701015, 0.145754
-0.454, 0.0703369, 0.117714
-0.452, 0.070516, 0.0895791
-0.45, 0.0706388, 0.0613727
-0.448, 0.070705, 0.0331172
-0.446, 0.0707147, 0.00483517
-0.444, 0.0706678, -0.0234507
-0.442, 0.0705643, -0.0517178
-0.44, 0.0704045, -0.0799436
-0.438, 0.0701883, -0.108105
-0.436, 0.0699159, -0.136181
-0.434, 0.0695876, -0.164147
-0.432, 0.0692036, -0.191982
-0.43, 0.0687643, -0.219663
-0.428, 0.06827, -0.247169
-0.426, 0.067721, -0.274477
-0.424, 0.0671179, -0.301566
-0.422, 0.0664611, -0.328413
-0.42, 0.0657511, -0.354997
-0.418, 0.0649885, -0.381298
-0.416, 0.0641739, -0.407293
-0.414, 0.063308, -0.432963
-0.412, 0.0623914, -0.458286
-0.41, 0.0614249, -0.483242
-0.408, 0.0604093, -0.507812
-0.406, 0.0593453, -0.531976
-0.404, 0.0582339, -0.555714
-0.402, 0.0570759, -0.579008
-0.4, 0.0558722, -0.601838
-0.398, 0.0546238, -0.624187
-0.396, 0.0533318, -0.646036
-0.394, 0.051997, -0.667369
-0.392, 0.0506207, -0.688168
-0.39, 0.0492039, -0.708416
-0.388, 0.0477477, -0.728098
-0.386, 0.0462533, -0.747197
-0.384, 0.0447219, -0.765698
-0.382, 0.0431547, -0.783587
-0.38, 0.041553, -0.800849
-0.378, 0.0399181, -0.81747
-0.376, 0.0382512, -0.833437
-0.374, 0.0365537, -0.848738
-0.372, 0.034827, -0.863359
-0.37, 0.0330724, -0.87729
-0.368, 0.0312914, -0.890519
-0.366, 0.0294853, -0.903035
-0.364, 0.0276556, -0.91483
-0.362, 0.0258039, -0.925892
-0.36, 0.0239314, -0.936213
-0.358, 0.0220399, -0.945786
-0.356, 0.0201307, -0.954602
-0.354, 0.0182053, -0.962654
-0.352, 0.0162655, -0.969936
-0.35, 0.0143126, -0.976442
-0.348, 0.0123483, -0.982167
-0.346, 0.010374, -0.987107
-0.344, 0.00839153, -0.991256
-0.342, 0.0064023, -0.994613
-0.34, 0.00440795, -0.997174
-0.338, 0.00241008, -0.998937
-0.336, 0.000410277, -0.999901
-0.334, -0.00158985, -1.00007
-0.332, -0.00358871, -0.999429
-0.33, -0.0055847, -0.997994
-0.328, -0.00757622, -0.99576
-0.326, -0.00956168, -0.992729
-0.324, -0.0115395, -0.988905
-0.322, -0.0135081, -0.984289
-0.32, -0.0154658, -0.978886
-0.318, -0.0174112, -0.972699
-0.316, -0.0193427, -0.965735
-0.314, -0.0212587, -0.957998
-0.312, -0.0231577, -0.949494
-0.31, -0.0250382, -0.940231
-0.308, -0.0268986, -0.930216
-0.306, -0.0287375, -0.919457
-0.304, -0.0305534, -0.907962
-0.302, -0.0323449, -0.89574
-0.3, -0.0341105, -0.882802
-0.298, -0.0358488, -0.869158
-0.296, -0.0375585, -0.854819
-0.294, -0.039238, -0.839795
-0.292, -0.0408862, -0.8241
-0.29, -0.0425017, -0.807745
-0.288, -0.0440832, -0.790745
-0.286, -0.0456295, -0.773111
-0.284, -0.0471392, -0.75486
-0.282, -0.0486112, -0.736004
-0.28, -0.0500443, -0.71656
-0.278, -0.0514374, -0.696542
-0.276, -0.0527893, -0.675967
-0.274, -0.054099, -0.654851
-0.272, -0.0553654, -0.633212
-0.27, -0.0565876, -0.611065
-0.268, -0.0577644, -0.58843
-0.266, -0.0588951, -0.565325
-0.264, -0.0599786, -0.541766
-0.262, -0.0610142, -0.517775
-0.26, -0.0620009, -0.493369
-0.258, -0.062938, -0.468569
-0.256, -0.0638248, -0.443394
-0.254, -0.0646606, -0.417864
-0.252, -0.0654446, -0.392
-0.25, -0.0661762, -0.365822
-0.248, -0.0668549, -0.339351
-0.246, -0.0674801, -0.312609
-0.244, -0.0680514, -0.285617
-0.242, -0.0685681, -0.258397
-0.24, -0.0690301, -0.23097
-0.238, -0.0694368, -0.203358
-0.236, -0.069788, -0.175583
-0.234, -0.0700833, -0.147668
-0.232, -0.0703226, -0.119634
-0.23, -0.0705056, -0.0915052
-0.228, -0.0706322, -0.063303
-0.226, -0.0707023, -0.0350501
-0.224, -0.0707158, -0.00676922
-0.222, -0.0706728, 0.0215171
-0.22, -0.0705732, 0.0497862
-0.218, -0.0704172, 0.0780155
-0.216, -0.0702048, 0.106182
-0.214, -0.0699363, 0.134264
-0.212, -0.0696118, 0.162239
-0.21, -0.0692317, 0.190084
-0.208, -0.0687961, 0.217776
-0.206, -0.0683055, 0.245295
-0.204, -0.0677603, 0.272617
-0.202, -0.0671608, 0.299721
-0.2, -0.0665077, 0.326585
-0.198, -0.0658013, 0.353188
-0.196, -0.0650423, 0.379509
-0.194, -0.0642312, 0.405526
-0.192, -0.0633688, 0.431218
-0.19, -0.0624556, 0.456566
-0.188, -0.0614926, 0.481548
-0.186, -0.0604803, 0.506145
-0.184, -0.0594196, 0.530337
-0.182, -0.0583114, 0.554105
-0.18, -0.0571565, 0.57743
-0.178, -0.0559559, 0.600292
-0.176, -0.0547106, 0.622675
-0.174, -0.0534215, 0.644559
-0.172, -0.0520896, 0.665927
-0.17, -0.0507161, 0.686763
-0.168, -0.049302, 0.70705
-0.166, -0.0478484, 0.72677
-0.164, -0.0463566, 0.74591
-0.162, -0.0448277, 0.764452
-0.16, -0.043263, 0.782384
-0.158, -0.0416636, 0.799689
-0.156, -0.0400309, 0.816354
-0.154, -0.0383661, 0.832367
-0.152, -0.0366707, 0.847713
-0.15, -0.0349459, 0.862381
-0.148, -0.0331932, 0.87636
-0.146, -0.031414, 0.889637
-0.144, -0.0296095, 0.902203
-0.142, -0.0277815, 0.914046
-0.14, -0.0259311, 0.925159
-0.138, -0.0240601, 0.935531
-0.136, -0.0221698, 0.945155
-0.134, -0.0202617, 0.954023
-0.132, -0.0183375, 0.962128
-0.13, -0.0163985, 0.969463
-0.128, -0.0144465, 0.976022
-0.126, -0.0124829, 0.981801
-0.124, -0.0105093, 0.986794
-0.122, -0.00852731, 0.990998
-0.12, -0.00653849, 0.994409
-0.118, -0.00454444, 0.997024
-0.116, -0.00254676, 0.998842
-0.114, -0.000547034, 0.999861
-0.112, 0.00145312, 1.00008
-0.11, 0.00345212, 0.999498
-0.108, 0.00544836, 0.998117
-0.106, 0.00744023, 0.995938
-0.104, 0.00942616, 0.992962
-0.102, 0.0114045, 0.989191
-0.1, 0.0133738, 0.98463
-0.098, 0.0153324, 0.97928
-0.096, 0.0172787, 0.973147
-0.094, 0.0192111, 0.966236
-0.092, 0.0211282, 0.958551
-0.09, 0.0230284, 0.9501
-0.088, 0.0249102, 0.940889
-0.086, 0.0267721, 0.930925
-0.084, 0.0286125, 0.920216
-0.082, 0.03043, 0.908771
-0.08, 0.0322232, 0.896599
-0.078, 0.0339906, 0.883709
-0.076, 0.0357309, 0.870113
-0.074, 0.0374425, 0.855821
-0.072, 0.0391242, 0.840844
-0.07, 0.0407746, 0.825194
-0.068, 0.0423924, 0.808884
-0.066, 0.0439762, 0.791927
-0.064, 0.0455249, 0.774337
-0.062, 0.0470371, 0.756127
-0.06, 0.0485118, 0.737312
-0.058, 0.0499476, 0.717907
-0.056, 0.0513434, 0.697928
-0.054, 0.0526982, 0.677391
-0.052, 0.0540108, 0.656312
-0.05, 0.0552803, 0.634707
-0.048, 0.0565054, 0.612595
-0.046, 0.0576854, 0.589993
-0.044, 0.0588193, 0.566919
-0.042, 0.0599061, 0.543391
-0.04, 0.0609449, 0.519429
-0.038, 0.061935, 0.495051
-0.036, 0.0628756, 0.470277
-0.034, 0.0637658, 0.445127
-0.032, 0.0646051, 0.41962
-0.03, 0.0653926, 0.393778
-0.028, 0.0661279, 0.367621
-0.026, 0.0668102, 0.34117
-0.024, 0.0674391, 0.314446
-0.022, 0.068014, 0.28747
-0.02, 0.0685346, 0.260265
-0.018, 0.0690003, 0.232851
-0.016, 0.0694108, 0.205251
-0.014, 0.0697657, 0.177486
-0.012, 0.0700649, 0.14958
-0.01, 0.070308, 0.121554
-0.008, 0.0704949, 0.093431
-0.006, 0.0706253, 0.0652331
-0.004, 0.0706993, 0.036983
-0.002, 0.0707167, 0.00870324
8.74301e-16, 0.0706775, -0.0195834
0.002, 0.0705818, -0.0478545
0.004, 0.0704297, -0.0760872
0.006, 0.0702211, -0.104259
0.008, 0.0699564, -0.132348
0.01, 0.0696358, -0.16033
0.012, 0.0692594, -0.188184
0.014, 0.0688276, -0.215888
0.016, 0.0683408, -0.243419
0.018, 0.0677993, -0.270756
0.02, 0.0672035, -0.297875
0.022, 0.066554, -0.324757
0.024, 0.0658513, -0.351378
0.026, 0.0650958, -0.377719
0.028, 0.0642883, -0.403757
0.03, 0.0634294, -0.429472
0.032, 0.0625197, -0.454844
0.034, 0.06156, -0.479852
0.036, 0.060551, -0.504476
0.038, 0.0594936, -0.528696
0.04, 0.0583886, -0.552494
0.042, 0.0572369, -0.575849
0.044, 0.0560395, -0.598744
0.046, 0.0547971, -0.62116
0.048, 0.053511, -0.643079
0.05, 0.052182, -0.664483
0.052, 0.0508113, -0.685356
0.054, 0.0493999, -0.70568
0.056, 0.0479491, -0.72544
0.058, 0.0464598, -0.74462
0.06, 0.0449334, -0.763204
0.062, 0.0433711, -0.781177
0.064, 0.041774, -0.798526
0.066, 0.0401435, -0.815235
0.068, 0.0384809, -0.831293
0.07, 0.0367876, -0.846685
0.072, 0.0350648, -0.8614
0.074, 0.0333139, -0.875426
0.076, 0.0315364, -0.888752
0.078, 0.0297337, -0.901366
0.08, 0.0279072, -0.91326
0.082, 0.0260583, -0.924423
0.084, 0.0241886, -0.934846
0.086, 0.0222996, -0.944521
0.088, 0.0203927, -0.953441
0.09, 0.0184695, -0.961598
0.092, 0.0165315, -0.968986
0.094, 0.0145803, -0.975599
0.096, 0.0126175, -0.981431
0.098, 0.0106445, -0.986478
0.1, 0.00866305, -0.990736
0.102, 0.00667465, -0.994201
0.104, 0.00468091, -0.996871
0.106, 0.00268342, -0.998743
0.108, 0.000683789, -0.999816
0.11, -0.00131639, -1.00009
0.112, -0.00331552, -0.999563
0.114, -0.00531199, -0.998237
0.116, -0.00730422, -0.996112
0.118, -0.0092906, -0.993191
0.12, -0.0112695, -0.989475
0.122, -0.0132395, -0.984967
0.124, -0.0151988, -0.979671
0.126, -0.017146, -0.973591
0.128, -0.0190795, -0.966733
0.13, -0.0209977, -0.959101
0.132, -0.0228991, -0.950702
0.134, -0.0247822, -0.941542
0.136, -0.0266454, -0.93163
0.138, -0.0284874, -0.920971
0.14, -0.0303065, -0.909577
0.142, -0.0321014, -0.897454
0.144, -0.0338707, -0.884613
0.146, -0.0356128, -0.871065
0.148, -0.0373264, -0.85682
0.15, -0.0390102, -0.841889
0.152, -0.0406628, -0.826285
0.154, -0.0422828, -0.81002
0.156, -0.043869, -0.793107
0.158, -0.0454201, -0.775559
0.16, -0.0469349, -0.757391
0.162, -0.0484122, -0.738617
0.164, -0.0498507, -0.719253
0.166, -0.0512493, -0.699312
0.168, -0.0526069, -0.678813
0.17, -0.0539225, -0.65777
0.172, -0.0551949, -0.636201
0.174, -0.0564231, -0.614123
0.176, -0.0576062, -0.591554
0.178, -0.0587432, -0.568511
0.18, -0.0598333, -0.545014
0.182, -0.0608754, -0.521081
0.184, -0.0618689, -0.49673
0.186, -0.0628129, -0.471983
0.188, -0.0637066, -0.446858
0.19, -0.0645493, -0.421375
0.192, -0.0653404, -0.395555
0.194, -0.0660793, -0.369419
0.196, -0.0667652, -0.342987
0.198, -0.0673978, -0.316281
0.2, -0.0679764, -0.289322
0.202, -0.0685007, -0.262132
0.204, -0.0689702, -0.234731
0.206, -0.0693845, -0.207143
0.208, -0.0697432, -0.17939
0.21, -0.0700462, -0.151492
0.212, -0.0702932, -0.123474
0.214, -0.0704839, -0.0953565
0.216, -0.0706182, -0.0671629
0.218, -0.070696, -0.0389156
0.22, -0.0707173, -0.0106372
0.222, -0.070682, 0.0176497
0.224, -0.0705902, 0.0459225
0.226, -0.0704419, 0.0741586
0.228, -0.0702372, 0.102335
0.23, -0.0699763, 0.13043
0.232, -0.0696595, 0.158421
0.234, -0.0692869, 0.186285
0.236, -0.0688589, 0.213999
0.238, -0.0683758, 0.241543
0.24, -0.067838, 0.268893
0.242, -0.067246, 0.296028
0.244, -0.0666001, 0.322927
0.246, -0.065901, 0.349567
0.248, -0.0651491, 0.375927
0.25, -0.0643452, 0.401987
0.252, -0.0634897, 0.427725
0.254, -0.0625835, 0.453121
0.256, -0.0616272, 0.478154
0.258, -0.0606216, 0.502805
0.26, -0.0595675, 0.527054
0.262, -0.0584657, 0.550881
0.264, -0.0573172, 0.574267
0.266, -0.0561228, 0.597194
0.268, -0.0548835, 0.619643
0.27, -0.0536003, 0.641596
0.272, -0.0522742, 0.663036
0.274, -0.0509063, 0.683946
0.276, -0.0494977, 0.704309
0.278, -0.0480495, 0.724108
0.28, -0.0465628, 0.743328
0.282, -0.0450389, 0.761953
0.284, -0.043479, 0.779968
0.286, -0.0418843, 0.79736
0.288, -0.040256, 0.814114
0.29, -0.0385956, 0.830216
0.292, -0.0369043, 0.845654
0.294, -0.0351835, 0.860416
0.296, -0.0334345, 0.874489
0.298, -0.0316588, 0.887863
0.3, -0.0298577, 0.900527
0.302, -0.0280328, 0.91247
0.304, -0.0261854, 0.923683
0.306, -0.0243171, 0.934157
0.308, -0.0224293, 0.943884
0.31, -0.0205236, 0.952856
0.312, -0.0186015, 0.961065
0.314, -0.0166645, 0.968506
0.316, -0.0147141, 0.975171
0.318, -0.012752, 0.981057
0.32, -0.0107797, 0.986158
0.322, -0.00879877, 0.99047
0.324, -0.00681079, 0.993989
0.326, -0.00481736, 0.996714
0.328, -0.00282008, 0.998641
0.33, -0.000820541, 0.999769
0.332, 0.00117965, 1.0001
0.334, 0.0031789, 0.999625
0.336, 0.00517561, 0.998353
0.338, 0.00716818, 0.996283
0.34, 0.00915501, 0.993416
0.342, 0.0111345, 0.989754
0.344, 0.0131051, 0.9853
0.346, 0.0150652, 0.980058
0.348, 0.0170133, 0.974032
0.35, 0.0189477, 0.967227
0.352, 0.020867, 0.959647
0.354, 0.0227696, 0.951301
0.356, 0.024654, 0.942193
0.358, 0.0265187, 0.932331
0.36, 0.0283621, 0.921724
0.362, 0.0301829, 0.910379
0.364, 0.0319795, 0.898306
0.366, 0.0337505, 0.885514
0.368, 0.0354946, 0.872014
0.37, 0.0372102, 0.857816
0.372, 0.0388961, 0.842932
0.374, 0.0405508, 0.827373
0.376, 0.0421731, 0.811153
0.378, 0.0437617, 0.794284
0.38, 0.0453152, 0.776779
0.382, 0.0468325, 0.758653
0.384, 0.0483124, 0.73992
0.386, 0.0497536, 0.720595
0.388, 0.051155, 0.700694
0.39, 0.0525154, 0.680232
0.392, 0.0538339, 0.659225
0.394, 0.0551093, 0.637692
0.396, 0.0563406, 0.615648
0.398, 0.0575268, 0.593112
0.4, 0.058667, 0.570101
0.402, 0.0597603, 0.546634
0.404, 0.0608057, 0.52273
0.406, 0.0618025, 0.498408
0.408, 0.0627499, 0.473687
0.41, 0.0636471, 0.448587
0.412, 0.0644933, 0.423128
0.414, 0.065288, 0.397331
0.416, 0.0660304, 0.371216
0.418, 0.06672, 0.344804
0.42, 0.0673563, 0.318116
0.422, 0.0679386, 0.291173
0.424, 0.0684666, 0.263998
0.426, 0.0689398, 0.236611
0.428, 0.0693579, 0.209035
0.43, 0.0697205, 0.181292
0.432, 0.0700273, 0.153404
0.434, 0.0702781, 0.125393
0.436, 0.0704726, 0.0972816
0.438, 0.0706108, 0.0690925
0.44, 0.0706925, 0.0408482
0.442, 0.0707177, 0.0125712
0.444, 0.0706862, -0.0157159
0.446, 0.0705983, -0.0439904
0.448, 0.0704538, -0.0722297
0.45, 0.070253, -0.100411
0.452, 0.0699959, -0.128512
0.454, 0.0696829, -0.156511
0.456, 0.0693142, -0.184384
0.458, 0.0688899, -0.21211
0.46, 0.0684106, -0.239666
0.462, 0.0678765, -0.26703
0.464, 0.0672882, -0.29418
0.466, 0.066646, -0.321096
0.468, 0.0659505, -0.347754
0.47, 0.0652022, -0.374134
0.472, 0.0644018, -0.400215
0.474, 0.0635498, -0.425976
0.476, 0.062647, -0.451396
0.478, 0.0616941, -0.476455
0.48, 0.0606919, -0.501132
0.482, 0.059641, -0.525409
0.484, 0.0585425, -0.549265
0.486, 0.0573972, -0.572682
0.488, 0.0562059, -0.595641
0.49, 0.0549696, -0.618124
0.492, 0.0536894, -0.640112
0.494, 0.0523662, -0.661587
0.496, 0.0510012, -0.682534
0.498, 0.0495953, -0.702934
0.5, 0.0481497, -0.722772
0.502, 0.0466657, -0.742032
0.504, 0.0451443, -0.760699
0.506, 0.0435868, -0.778756
0.508, 0.0419944, -0.796191
0.51, 0.0403684, -0.812989
0.512, 0.0387101, -0.829136
0.514, 0.0370209, -0.84462
0.516, 0.035302, -0.859428
0.518, 0.0335549, -0.873549
0.52, 0.031781, -0.886971
0.522, 0.0299816, -0.899684
0.524, 0.0281583, -0.911676
0.526, 0.0263124, -0.92294
0.528, 0.0244455, -0.933465
0.53, 0.022559, -0.943243
0.532, 0.0206545, -0.952266
0.534, 0.0187334, -0.960528
0.536, 0.0167974, -0.968022
0.538, 0.0148479, -0.97474
0.54, 0.0128865, -0.98068
0.542, 0.0109148, -0.985834
0.544, 0.00893445, -0.9902
0.546, 0.0069469, -0.993774
0.548, 0.00495379, -0.996553
0.55, 0.00295672, -0.998534
0.552, 0.00095729, -0.999717
0.554, -0.00104291, -1.0001
0.556, -0.00304227, -0.999683
0.558, -0.00503921, -0.998466
0.56, -0.00703211, -0.99645
0.562, -0.00901938, -0.993637
0.564, -0.0109994, -0.990029
0.566, -0.0129707, -0.98563
0.568, -0.0149316, -0.980441
0.57, -0.0168805, -0.974469
0.572, -0.018816, -0.967717
0.574, -0.0207363, -0.96019
0.576, -0.0226401, -0.951896
0.578, -0.0245258, -0.94284
0.58, -0.0263919, -0.933029
0.582, -0.0282368, -0.922473
0.584, -0.0300592, -0.911178
0.586, -0.0318575, -0.899154
0.588, -0.0336303, -0.886411
0.59, -0.0353762, -0.872959
0.592, -0.0370938, -0.858809
0.594, -0.0387818, -0.843971
0.596, -0.0404387, -0.828458
0.598, -0.0420633, -0.812283
0.6, -0.0436542, -0.795458
0.602, -0.0452102, -0.777996
0.604, -0.04673, -0.759912
0.606, -0.0482124, -0.74122
0.608, -0.0496563, -0.721935
0.61, -0.0510604, -0.702072
0.612, -0.0524237, -0.681648
0.614, -0.0537451, -0.660679
0.616, -0.0550235, -0.639181
0.618, -0.0562578, -0.617171
0.62, -0.0574471, -0.594668
0.622, -0.0585905, -0.571689
0.624, -0.059687, -0.548253
0.626, -0.0607358, -0.524378
0.628, -0.0617359, -0.500084
0.63, -0.0626867, -0.47539
0.632, -0.0635874, -0.450315
0.634, -0.0644371, -0.42488
0.636, -0.0652353, -0.399105
0.638, -0.0659813, -0.373011
0.64, -0.0666746, -0.346618
0.642, -0.0673145, -0.319949
0.644, -0.0679005, -0.293023
0.646, -0.0684322, -0.265863
0.648, -0.0689092, -0.23849
0.65, -0.0693311, -0.210926
0.652, -0.0696975, -0.183194
0.654, -0.0700081, -0.155315
0.656, -0.0702627, -0.127311
0.658, -0.0704611, -0.0992063
0.66, -0.0706032, -0.0710218
0.662, -0.0706887, -0.0427806
0.664, -0.0707177, -0.0145051
0.666, -0.0706902, 0.013782
0.668, -0.0706061, 0.0420581
0.67, -0.0704655, 0.0703005
0.672, -0.0702685, 0.0984867
0.674, -0.0700153, 0.126594
0.676, -0.0697061, 0.1546
0.678, -0.0693411, 0.182483
0.68, -0.0689207, 0.210219
0.682, -0.0684451, 0.237787
0.684, -0.0679148, 0.265165
0.686, -0.0673301, 0.292331
0.688, -0.0666916, 0.319263
0.69, -0.0659997, 0.34594
0.692, -0.065255, 0.37234
0.694, -0.0644582, 0.398442
0.696, -0.0636097, 0.424225
0.698, -0.0627104, 0.449669
0.7, -0.0617609, 0.474753
0.702, -0.0607619, 0.499458
0.704, -0.0597144, 0.523762
0.706, -0.0586191, 0.547648
0.708, -0.0574769, 0.571096
0.71, -0.0562888, 0.594087
0.712, -0.0550556, 0.616602
0.714, -0.0537783, 0.638624
0.716, -0.052458, 0.660136
0.718, -0.0510958, 0.681119
0.72, -0.0496927, 0.701557
0.722, -0.0482498, 0.721434
0.724, -0.0467683, 0.740734
0.726, -0.0452495, 0.759442
0.728, -0.0436944, 0.777541
0.73, -0.0421043, 0.795019
0.732, -0.0404806, 0.811861
0.734, -0.0388245, 0.828053
0.736, -0.0371374, 0.843583
0.738, -0.0354205, 0.858438
0.74, -0.0336753, 0.872606
0.742, -0.0319031, 0.886076
0.744, -0.0301054, 0.898837
0.746, -0.0282837, 0.91088
0.748, -0.0264393, 0.922193
0.75, -0.0245738, 0.932769
0.752, -0.0226886, 0.942598
0.754, -0.0207852, 0.951674
0.756, -0.0188652, 0.959988
0.758, -0.0169302, 0.967534
0.76, -0.0149816, 0.974306
0.762, -0.013021, 0.980298
0.764, -0.0110499, 0.985507
0.766, -0.00907009, 0.989927
0.768, -0.00708298, 0.993555
0.77, -0.00509021, 0.996388
0.772, -0.00309336, 0.998424
0.774, -0.00109404, 0.999662
0.776, 0.000906163, 1.0001
0.778, 0.00290564, 0.999737
0.78, 0.00490278, 0.998574
0.782, 0.00689601, 0.996613
0.784, 0.00888372, 0.993855
0.786, 0.0108643, 0.990301
0.788, 0.0128362, 0.985956
0.79, 0.0147979, 0.980821
0.792, 0.0167477, 0.974902
0.794, 0.0186841, 0.968203
0.796, 0.0206055, 0.960729
0.798, 0.0225105, 0.952487
0.8, 0.0243975, 0.943483
0.802, 0.0262649, 0.933724
0.804, 0.0281114, 0.923218
0.806, 0.0299353, 0.911973
0.808, 0.0317353, 0.899999
0.81, 0.0335099, 0.887305
0.812, 0.0352577, 0.873901
0.814, 0.0369773, 0.859798
0.816, 0.0386673, 0.845007
0.818, 0.0403264, 0.82954
0.82, 0.0419532, 0.81341
0.822, 0.0435465, 0.796628
0.824, 0.0451049, 0.77921
0.826, 0.0466272, 0.761168
0.828, 0.0481123, 0.742517
0.83, 0.0495588, 0.723272
0.832, 0.0509657, 0.703448
0.834, 0.0523318, 0.683062
0.836, 0.0536561, 0.662129
0.838, 0.0549374, 0.640667
0.84, 0.0561748, 0.618692
0.842, 0.0573673, 0.596222
0.844, 0.0585138, 0.573275
0.846, 0.0596136, 0.54987
0.848, 0.0606656, 0.526024
0.85, 0.0616691, 0.501758
0.852, 0.0626233, 0.47709
0.854, 0.0635274, 0.452041
0.856, 0.0643806, 0.42663
0.858, 0.0651824, 0.400878
0.86, 0.065932, 0.374805
0.862, 0.0666289, 0.348432
0.864, 0.0672724, 0.32178
0.866, 0.0678622, 0.294871
0.868, 0.0683976, 0.267727
0.87, 0.0688784, 0.240368
0.872, 0.069304, 0.212816
0.874, 0.0696742, 0.185095
0.876, 0.0699886, 0.157225
0.878, 0.0702471, 0.129229
0.88, 0.0704494, 0.101131
0.882, 0.0705953, 0.0729509
0.884, 0.0706847, 0.0447128
0.886, 0.0707176, 0.0164389
0.888, 0.0706939, -0.0118481
0.89, 0.0706136, -0.0401257
0.892, 0.0704769, -0.0683711
0.894, 0.0702838, -0.0965619
0.896, 0.0700344, -0.124675
0.898, 0.069729, -0.152689
0.9, 0.0693679, -0.180581
0.902, 0.0689512, -0.208328
0.904, 0.0684794, -0.235908
0.906, 0.0679528, -0.2633
0.908, 0.0673718, -0.290481
0.91, 0.066737, -0.31743
0.912, 0.0660487, -0.344125
0.914, 0.0653076, -0.370544
0.916, 0.0645143, -0.396667
0.918, 0.0636693, -0.422473
0.92, 0.0627735, -0.447941
0.922, 0.0618274, -0.47305
0.924, 0.0608318, -0.497781
0.926, 0.0597876, -0.522114
0.928, 0.0586955, -0.546029
0.93, 0.0575565, -0.569507
0.932, 0.0563714, -0.59253
0.934, 0.0551413, -0.615078
0.936, 0.053867, -0.637135
0.938, 0.0525497, -0.658682
0.94, 0.0511903, -0.679701
0.942, 0.0497899, -0.700177
0.944, 0.0483497, -0.720093
0.946, 0.0468708, -0.739433
0.948, 0.0453545, -0.758182
0.95, 0.0438018, -0.776323
0.952, 0.0422141, -0.793844
0.954, 0.0405927, -0.81073
0.956, 0.0389388, -0.826967
0.958, 0.0372537, -0.842542
0.96, 0.0355388, -0.857444
0.962, 0.0337955, -0.871659
0.964, 0.0320251, -0.885178
0.966, 0.0302291, -0.897988
0.968, 0.028409, -0.910079
0.97, 0.0265661, -0.921443
0.972, 0.0247019, -0.932069
0.974, 0.022818, -0.94195
0.976, 0.0209159, -0.951077
0.978, 0.018997, -0.959444
0.98, 0.0170629, -0.967042
0.982, 0.0151152, -0.973868
0.984, 0.0131554, -0.979914
0.986, 0.011185, -0.985176
0.988, 0.00920571, -0.98965
0.99, 0.00721904, -0.993332
0.992, 0.0052266, -0.99622
0.994, 0.00322998, -0.99831
0.996, 0.00123078, -0.999602
0.998, -0.000769412, -1.00009
